"DESCRIPTION","DURATION IN MS","NAME","PARENT SUITE","START TIME","STATUS","STOP TIME","SUB SUITE","SUITE","TEST CLASS","TEST METHOD"
"","5076","Verify My Account View for Device ID User Displays Correct Fields @[115333] @device @ui","single-device","2026-02-26","passed","2026-02-26","Device_ID @regression","single-user-tests/device/device-id-my-account-and-edit.spec.js","",""
"","10384","Verify Save Changes Validation for Incomplete Times on Edit Daily Availability Modal @[111237] @provider @functional","single-provider","2026-02-26","passed","2026-02-26","Provider @regression","single-user-tests/provider/manage-calendar.spec.js","",""
"","5165","Verify Forgot Password Link on Password Page @[111171] @unauthenticated @ui","single-unauthenticated","2026-02-26","passed","2026-02-26","Unauthenticated @regression","single-user-tests/unauthenticated/forgot-password.spec.js","",""
"","7698","Verify Cancel Button Functionality on Change Time Zone Modal @[111243] @provider @functional","single-provider","2026-02-26","passed","2026-02-26","Provider @regression","single-user-tests/provider/change-time-zone.spec.js","",""
"","0","Verify Time Pass Functionality on Password Changed Page @[111177] @unauthenticated @functional @email","single-unauthenticated","2026-02-26","skipped","2026-02-26","Unauthenticated @regression","single-user-tests/unauthenticated/create-new-password.spec.js","",""
"","7577","Verify Error Message Displays When Saving Phone Number Currently Being Used @[118975] @provider @functional","single-provider","2026-02-26","passed","2026-02-26","Provider @regression","single-user-tests/provider/provider-edit-profile.spec.js","",""
"","3293","Verify Language Dropdown Opens @[115018] @device @ui","single-unauthenticated","2026-02-26","passed","2026-02-26","Device_ID @regression","single-user-tests/unauthenticated/device-id-access.spec.js","",""
"","7797","Verify Medical specialties dropdown functionality in Edit profile details slide out @[114117] @provider @functional","single-provider","2026-02-26","passed","2026-02-26","Provider @regression","single-user-tests/provider/provider-edit-profile.spec.js","",""
"","11265","Verify Save changes button with valid values @[111277] @provider @functional","single-provider","2026-02-26","passed","2026-02-26","Provider @regression","single-user-tests/provider/manage-notifications.spec.js","",""
"","4800","Verify Save Changes button state for manual DOB entry @[111223] @patient @functional","single-patient","2026-02-26","passed","2026-02-26","Patient @regression","single-user-tests/patient/patient-edit-profile.spec.js","",""
"","9526","[Negative] Verify the validation of the Last name field on the Before we get started page @[112508] @provider @functional @e2e","single-provider","2026-02-26","passed","2026-02-26","Provider - English @regression","single-user-tests/provider/create-account-onboard-provider.spec.js","",""
"","2367","Verify Login Screen Display @[117346] @unauthenticated @ui","single-unauthenticated","2026-02-26","passed","2026-02-26","Unauthenticated @regression","single-user-tests/unauthenticated/login.spec.js","",""
"","5163","Verify View on Calendar Screen @[111230] @provider @ui","single-provider","2026-02-26","passed","2026-02-26","Provider @regression","single-user-tests/provider/manage-calendar.spec.js","",""
"","8829","Verify Save Changes button when editing text fields @[111218] @patient @functional","single-patient","2026-02-26","passed","2026-02-26","Patient @regression","single-user-tests/patient/patient-edit-profile.spec.js","",""
"","4","verify all authentication files are created","smoke","2026-02-26","passed","2026-02-26","Authentication Setup Verification","smoke/auth-verification.spec.js","",""
"","0","Verify Password page updates to reflect the White Label Configuration settings @[115395] @unauthenticated @functional","single-unauthenticated","2026-02-26","skipped","2026-02-26","Unauthenticated @regression","single-user-tests/unauthenticated/password.spec.js","",""
"","1156","verify auth files contain valid storage state","smoke","2026-02-26","passed","2026-02-26","Authentication Setup Verification","smoke/auth-verification.spec.js","",""
"","8031","Verify navigation away from the Edit Profile screen @[111269] @patient @functional","single-patient","2026-02-26","passed","2026-02-26","Patient @regression","single-user-tests/patient/patient-edit-profile.spec.js","",""
"","8865","Verify content on Edit License to Practice modal @[111209] @provider @ui","single-provider","2026-02-26","passed","2026-02-26","Provider @regression","single-user-tests/provider/provider-edit-license-to-practice.spec.js","",""
"","0","Verify Automatic Time Zone toggle functionality - toggle OFF @[111241] @provider @functional","single-provider","2026-02-26","skipped","2026-02-26","Provider @regression","single-user-tests/provider/change-time-zone.spec.js","",""
"","6869","[Negative] Verify Error Message When Device ID Field Is Left Empty on Onboarding Screen @[115403] @device @functional","single-device","2026-02-26","passed","2026-02-26","Device_ID @regression","single-user-tests/device/create-account-onboard-device-id.spec.js","",""
"","8898","Verify Optional Address Fields Are Displayed and Editable @[115337] @device @functional","single-device","2026-02-26","passed","2026-02-26","Device_ID @regression","single-user-tests/device/device-id-my-account-and-edit.spec.js","",""
"","8046","Verify initial state of Change time zone modal @[115565] @provider @ui","single-provider","2026-02-26","passed","2026-02-26","Provider @regression","single-user-tests/provider/change-time-zone.spec.js","",""
"","3123","Verify Device ID Link Opens Correct URL With /device @[115022] @device @ui","single-unauthenticated","2026-02-26","passed","2026-02-26","Device_ID @regression","single-user-tests/unauthenticated/device-id-access.spec.js","",""
"","7839","Verify Cancel Button Functionality on Edit Daily Availability Modal @[111236] @provider @functional","single-provider","2026-02-26","passed","2026-02-26","Provider @regression","single-user-tests/provider/manage-calendar.spec.js","",""
"","10815","Verify Patient View Additional Fields and Content Display on Account Settings Page @[118042] @patient @ui","single-patient","2026-02-26","passed","2026-02-26","Patient @regression","single-user-tests/patient/patient-my-account-pt2.spec.js","",""
"","4869","Verify Content of Time zone sub-section @[115559] @provider @ui","single-provider","2026-02-26","passed","2026-02-26","Provider @regression","single-user-tests/provider/change-time-zone.spec.js","",""
"","5407","[Negative] Verify Large Image Upload for Avatar @[112291] @patient @functional","single-patient","2026-02-26","passed","2026-02-26","Patient @regression","single-user-tests/patient/patient-edit-profile.spec.js","",""
"","2947","Process Log In with Valid Password on Password Page @[111169] @unauthenticated @functional","single-unauthenticated","2026-02-26","passed","2026-02-26","Unauthenticated @regression","single-user-tests/unauthenticated/password.spec.js","",""
"","7852","Verify Successful and Failed Device ID Verification @[115017] @device @functional","single-unauthenticated","2026-02-26","passed","2026-02-26","Device_ID @regression","single-user-tests/unauthenticated/device-id-access.spec.js","",""
"","9983","setup admin authentication","auth-admin-coordinator","2026-02-26","passed","2026-02-26","Admin Authentication Setup @admin-coordinator","setup/auth-admin-coordinator.js","",""
"","6621","Verify Notification methods section consistency @[111282] @provider @ui","single-provider","2026-02-26","passed","2026-02-26","Provider @regression","single-user-tests/provider/manage-notifications.spec.js","",""
"","7503","Verify the ""Accept"" Button functionality on ""End User License Agreement"" @[112500] @provider @functional","single-provider","2026-02-26","passed","2026-02-26","Provider - English @regression","single-user-tests/provider/create-account-onboard-provider.spec.js","",""
"","8931","Verify Device ID User Can Upload Profile Photo from My Account Screen @[115540] @device @functional","single-device","2026-02-26","passed","2026-02-26","Device_ID @regression","single-user-tests/device/device-id-my-account-and-edit.spec.js","",""
"","2285","Verify Unregisterred Email Error Message @[117373] @unauthenticated @functional","single-unauthenticated","2026-02-26","passed","2026-02-26","Unauthenticated @regression","single-user-tests/unauthenticated/login.spec.js","",""
"","6210","Verify Cancel button behavior in Edit Profile details @[111394] @provider @functional","single-provider","2026-02-26","passed","2026-02-26","Provider @regression","single-user-tests/provider/provider-my-account.spec.js","",""
"","0","Verify Successful User Invitation Flow @[111777] @multi-user @functional","single-patient","2026-02-26","skipped","2026-02-26","Patient @regression","single-user-tests/patient/create-account-onboard-patient.spec.js","",""
"","10289","Verify entering text into the Last Name field in Edit profile details slide out @[114114] @provider @functional","single-provider","2026-02-26","passed","2026-02-26","Provider @regression","single-user-tests/provider/provider-edit-profile.spec.js","",""
"","5304","Verify the elements and appearance of the Before we get started form @[112494] @provider @ui","single-provider","2026-02-26","passed","2026-02-26","Provider - English @regression","single-user-tests/provider/create-account-onboard-provider.spec.js","",""
"","9612","setup patient authentication","auth-patient-two","2026-02-26","passed","2026-02-26","Patient Authentication Setup @patient2","setup/auth-patient-two.js","",""
"","1706","Verify Valid Email Format Recognition @[117366] @unauthenticated @functional","single-unauthenticated","2026-02-26","passed","2026-02-26","Unauthenticated @regression","single-user-tests/unauthenticated/login.spec.js","",""
"","9582","Verify required field indicators on Edit Profile @[111266] @patient @ui","single-patient","2026-02-26","passed","2026-02-26","Patient @regression","single-user-tests/patient/patient-edit-profile.spec.js","",""
"","6368","Verify Patient View and Content Display on Account Settings Page @[111245] @patient @ui","single-patient","2026-02-26","passed","2026-02-26","Patient @regression","single-user-tests/patient/patient-my-account.spec.js","",""
"","4341","Verify entering invalid text into ""Insurance"" field functionality @[118050] @patient @functional","single-patient","2026-02-26","passed","2026-02-26","Patient @regression","single-user-tests/patient/patient-edit-profile-pt2.spec.js","",""
"","5365","Verify Redirection to Device ID Dashboard Upon Successful Login @[115407] @device @functional","single-unauthenticated","2026-02-26","passed","2026-02-26","Device_ID @regression","single-user-tests/unauthenticated/device-id-access.spec.js","",""
"","6277","Verify Change Language Link Functionality @[111249] @patient @functional","single-patient","2026-02-26","passed","2026-02-26","Patient @regression","single-user-tests/patient/patient-my-account.spec.js","",""
"","14549","Verify toggle behavior for Notification methods @[111273] @provider @functional","single-provider","2026-02-26","passed","2026-02-26","Provider @regression","single-user-tests/provider/manage-notifications.spec.js","",""
"","8494","Verify Remind Me dropdown behavior @[111275] @provider @functional","single-provider","2026-02-26","passed","2026-02-26","Provider @regression","single-user-tests/provider/manage-notifications.spec.js","",""
"","6389","Verify State dropdown behavior for countries without states @[111267] @patient @functional","single-patient","2026-02-26","passed","2026-02-26","Patient @regression","single-user-tests/patient/patient-edit-profile.spec.js","",""
"","5781","Verify State Dropdown @[111257] @patient @functional","single-patient","2026-02-26","passed","2026-02-26","Patient @regression","single-user-tests/patient/patient-edit-profile.spec.js","",""
"","3396","Verify English Language Selection @[117358] @unauthenticated @functional","single-unauthenticated","2026-02-26","passed","2026-02-26","Unauthenticated @regression","single-user-tests/unauthenticated/login.spec.js","",""
"","7711","setup provider+admin+coordinator authentication","auth-provider-admin-coordinator","2026-02-26","passed","2026-02-26","Provider+Admin+Coordinator Authentication Setup @provider-admin-coordinator","setup/auth-provider-admin-coordinator.js","",""
"","2945","Verify Device ID Access Screen Layout and Elements @[115016] @device @ui","single-unauthenticated","2026-02-26","passed","2026-02-26","Device_ID @regression","single-user-tests/unauthenticated/device-id-access.spec.js","",""
"","4","Verify EULA Decline button returns user to Device ID Access Page @[120219] @device @functional","single-device","2026-02-26","skipped","2026-02-26","Device_ID @regression","single-user-tests/device/create-account-onboard-device-id.spec.js","",""
"","7949","Validate Session Reminder Settings @[111278] @provider @functional","single-provider","2026-02-26","passed","2026-02-26","Provider @regression","single-user-tests/provider/manage-notifications.spec.js","",""
"","9112","Verify Save Changes Validation for Empty Fields on Edit License to Practice @[111215] @provider @functional","single-provider","2026-02-26","passed","2026-02-26","Provider @regression","single-user-tests/provider/provider-edit-license-to-practice.spec.js","",""
"","0","Verify Save Changes Functionality with All Fields Populated on Edit License @[111216] @provider @functional","single-provider","2026-02-26","skipped","2026-02-26","Provider @regression","single-user-tests/provider/provider-edit-license-to-practice.spec.js","",""
"","4400","[Negative] Verify Device ID With Invalid Format is Rejected @[115021] @device @functional","single-unauthenticated","2026-02-26","passed","2026-02-26","Device_ID @regression","single-user-tests/unauthenticated/device-id-access.spec.js","",""
"","6150","Verify No, Cancel Button Functionality on Delete Account Screen @[111252] @patient @functional","single-patient","2026-02-26","passed","2026-02-26","Patient @regression","single-user-tests/patient/patient-my-account.spec.js","",""
"","6041","Verify DOB Calendar selection tool @[111221] @patient @ui","single-patient","2026-02-26","passed","2026-02-26","Patient @regression","single-user-tests/patient/patient-edit-profile.spec.js","",""
"","3536","Verify Password page updates depending on ""Language"" selected from ""Language dropdown"" @[115394] @unauthenticated @functional","single-unauthenticated","2026-02-26","passed","2026-02-26","Unauthenticated @regression","single-user-tests/unauthenticated/password.spec.js","",""
"","6468","Verify Edit profile details screen displays correctly @[114112] @provider @ui","single-provider","2026-02-26","passed","2026-02-26","Provider @regression","single-user-tests/provider/provider-edit-profile.spec.js","",""
"","7556","Verify Toggle Functionality on Edit Daily Availability Modal @[111233] @provider @functional","single-provider","2026-02-26","passed","2026-02-26","Provider @regression","single-user-tests/provider/manage-calendar.spec.js","",""
"","5628","Verify Additional Content on ""Before we get started"" Page @[118057] @patient @ui","single-patient","2026-02-26","passed","2026-02-26","Patient @regression","single-user-tests/patient/create-account-onboard-patient-pt2.spec.js","",""
"","0","Verify Add Start/End Time Pair Functionality on Edit Daily Availability Modal @[111235] @provider @functional","single-provider","2026-02-26","skipped","2026-02-26","Provider @regression","single-user-tests/provider/manage-calendar.spec.js","",""
"","0","Verify Cancel Button functionality on Edit License to Practice modal @[111214] @provider @functional","single-provider","2026-02-26","skipped","2026-02-26","Provider @regression","single-user-tests/provider/provider-edit-license-to-practice.spec.js","",""
"","2713","[Negative] Verify password mismatch validation on ""Create New Password"" Page @[111178] @unauthenticated @functional","single-unauthenticated","2026-02-26","passed","2026-02-26","Unauthenticated @regression","single-user-tests/unauthenticated/create-new-password.spec.js","",""
"","5947","Verify the Phone number extension dropdown functionality in Edit profile details slide out @[114240] @provider @functional","single-provider","2026-02-26","passed","2026-02-26","Provider @regression","single-user-tests/provider/provider-edit-profile.spec.js","",""
"","8381","Verify License to Practice slide out in Edit License to Practice modal @[111395] @provider @ui","single-provider","2026-02-26","passed","2026-02-26","Provider @regression","single-user-tests/provider/provider-edit-profile.spec.js","",""
"","6224","Verify Cancel button functionality @[111258] @patient @functional","single-patient","2026-02-26","passed","2026-02-26","Patient @regression","single-user-tests/patient/patient-edit-profile.spec.js","",""
"","3361","Verify redirect on Forgot Password? link click on Password Page @[111184] @unauthenticated @functional","single-unauthenticated","2026-02-26","passed","2026-02-26","Unauthenticated @regression","single-user-tests/unauthenticated/forgot-password.spec.js","",""
"","8926","Verify Edit Button Functionality for License to Practice Section on Account Settings @[111225] @provider @functional","single-provider","2026-02-26","passed","2026-02-26","Provider @regression","single-user-tests/provider/provider-my-account.spec.js","",""
"","8063","Verify Functionality of the Timezone section on Before we get started page @[112517] @provider @functional","single-provider","2026-02-26","passed","2026-02-26","Provider - English @regression","single-user-tests/provider/create-account-onboard-provider.spec.js","",""
"","2984","Verify Log In click with no password on Password Page @[111166] @unauthenticated @functional","single-unauthenticated","2026-02-26","passed","2026-02-26","Unauthenticated @regression","single-user-tests/unauthenticated/password.spec.js","",""
"","5799","Verify Content on Forgot Password Page @[114517] @unauthenticated @ui","single-unauthenticated","2026-02-26","passed","2026-02-26","Unauthenticated @regression","single-user-tests/unauthenticated/forgot-password.spec.js","",""
"","6933","Verify validation for manual DOB invalid input in Edit Profile Details @[111728] @patient @functional","single-patient","2026-02-26","passed","2026-02-26","Patient @regression","single-user-tests/patient/patient-edit-profile.spec.js","",""
"","2919","Verify Spanish Language Selection @[117360] @unauthenticated @functional","single-unauthenticated","2026-02-26","passed","2026-02-26","Unauthenticated @regression","single-user-tests/unauthenticated/login.spec.js","",""
"","8743","Verify Accept Button on User License Agreement @[111190] @patient @functional","single-patient","2026-02-26","passed","2026-02-26","Patient @regression","single-user-tests/patient/create-account-onboard-patient.spec.js","",""
"","10770","Verify default reminder time display @[111281] @provider @ui","single-provider","2026-02-26","passed","2026-02-26","Provider @regression","single-user-tests/provider/manage-notifications.spec.js","",""
"","13436","Verify validation for Insurance policy number valid input in Edit Profile Details @[118045] @patient @functional","single-patient","2026-02-26","passed","2026-02-26","Patient @regression","single-user-tests/patient/patient-edit-profile-pt2.spec.js","",""
"","10119","Verify Upload Photo Functionality on Account Settings Page @[111220] @patient @functional","single-patient","2026-02-26","passed","2026-02-26","Patient @regression","single-user-tests/patient/patient-edit-profile.spec.js","",""
"","10538","Verify Onboarding Screen Displays Correct Fields for Device ID User @[115319] @device @ui","single-device","2026-02-26","passed","2026-02-26","Device_ID @regression","single-user-tests/device/create-account-onboard-device-id.spec.js","",""
"","10070","Verify Validation for Name and Device ID in Edit Profile View @[115336]","single-device","2026-02-26","passed","2026-02-26","Device_ID @regression","single-user-tests/device/device-id-my-account-and-edit.spec.js","",""
"","8652","Verify the validation of licenses to practice section on the Before we get started page @[112514] @provider @functional","single-provider","2026-02-26","passed","2026-02-26","Provider - English @regression","single-user-tests/provider/create-account-onboard-provider.spec.js","",""
"","4070","Verify Login Screen Language Dropdown @[117349] @unauthenticated @ui","single-unauthenticated","2026-02-26","passed","2026-02-26","Unauthenticated @regression","single-user-tests/unauthenticated/login.spec.js","",""
"","4881","Verify functionality on ""Create New Password"" Page @[114527] @unauthenticated @functional","single-unauthenticated","2026-02-26","passed","2026-02-26","Unauthenticated @regression","single-user-tests/unauthenticated/create-new-password.spec.js","",""
"","2822","[Negative] Verify change password requirements - (missing special character) @[114532] @unauthenticated @functional","single-unauthenticated","2026-02-26","passed","2026-02-26","Unauthenticated @regression","single-user-tests/unauthenticated/create-new-password.spec.js","",""
"","6210","[Negative] Verify the validation of the Medical specialty drop down list on the Before we get started page @[112510] @provider @functional","single-provider","2026-02-26","passed","2026-02-26","Provider - English @regression","single-user-tests/provider/create-account-onboard-provider.spec.js","",""
"","1","Verify save changes button functionality in Edit profile details slide out @[114234] @provider @functional","single-provider","2026-02-26","skipped","2026-02-26","Provider @regression","single-user-tests/provider/provider-edit-profile.spec.js","",""
"","0","Verify Yes, Delete Button Functionality (Delete Account) @[111253] @patient @functional","single-patient","2026-02-26","skipped","2026-02-26","Patient @regression","single-user-tests/patient/patient-my-account.spec.js","",""
"","1766","Verify Available Languages @[117357] @unauthenticated @ui","single-unauthenticated","2026-02-26","passed","2026-02-26","Unauthenticated @regression","single-user-tests/unauthenticated/login.spec.js","",""
"","6334","setup admin authentication","auth-admin","2026-02-26","passed","2026-02-26","Admin Authentication Setup @admin","setup/auth-admin.js","",""
"","6107","Verify the validation of the Medical specialty drop down list on the Before we get started page @[112515] @provider @functional","single-provider","2026-02-26","passed","2026-02-26","Provider - English @regression","single-user-tests/provider/create-account-onboard-provider.spec.js","",""
"","2310","Verify Next Button Display and Default State @[117354] @unauthenticated @ui","single-unauthenticated","2026-02-26","passed","2026-02-26","Unauthenticated @regression","single-user-tests/unauthenticated/login.spec.js","",""
"","0","Verify License Button with Country and State Inputs for Providers @[111187] @provider @functional","single-patient","2026-02-26","skipped","2026-02-26","Patient @regression","single-user-tests/patient/create-account-onboard-patient.spec.js","",""
"","7636","Verify Avatar Dropdown Displays Device ID Name and ID @[115539] @device @ui","single-device","2026-02-26","passed","2026-02-26","Device_ID @regression","single-user-tests/device/device-id-my-account-and-edit.spec.js","",""
"","1","[Negative] [Spanish] Verify the validation of the ""Nombre"" field on the ""Antes de empezar"" page @[112519] @provider @functional","single-provider","2026-02-26","skipped","2026-02-26","Provider - Spanish @regression","single-user-tests/provider/create-account-onboard-provider.spec.js","",""
"","10251","[Negative] Verify ""Delete Account"" Option Is Not Available for Device ID Users @[115339] @device @ui","single-device","2026-02-26","passed","2026-02-26","Device_ID @regression","single-user-tests/device/device-id-my-account-and-edit.spec.js","",""
"","2064","Verify user is redirected to Device ID verification page from invitation link @[118453] @device @ui","single-device","2026-02-26","passed","2026-02-26","Device_ID @regression","single-user-tests/device/create-account-onboard-device-id.spec.js","",""
"","5619","Verify View on Edit Daily Availability Modal @[111232] @provider @ui","single-provider","2026-02-26","passed","2026-02-26","Provider @regression","single-user-tests/provider/manage-calendar.spec.js","",""
"","3730","Verify Content on ""Create New Password"" Page @[114524] @unauthenticated @ui","single-unauthenticated","2026-02-26","passed","2026-02-26","Unauthenticated @regression","single-user-tests/unauthenticated/create-new-password.spec.js","",""
"","7218","Verify Phone number field and Country Dropdown @[111255] @patient @functional","single-patient","2026-02-26","passed","2026-02-26","Patient @regression","single-user-tests/patient/patient-edit-profile.spec.js","",""
"","7593","Verify Edit Profile View for Device ID User Displays Correct Fields @[115334] @device @ui","single-device","2026-02-26","passed","2026-02-26","Device_ID @regression","single-user-tests/device/device-id-my-account-and-edit.spec.js","",""
"","2249","Verify Email Registration Validation @[117369] @unauthenticated @functional","single-unauthenticated","2026-02-26","passed","2026-02-26","Unauthenticated @regression","single-user-tests/unauthenticated/login.spec.js","",""
"","8754","Verify First-Time Login Triggers EULA Screen for Device ID @[115317] @device @functional","single-device","2026-02-26","passed","2026-02-26","Device_ID @regression","single-user-tests/device/create-account-onboard-device-id.spec.js","",""
"","15206","Verify State dropdown functionality in Edit License to Practice modal @[111211] @provider @functional","single-provider","2026-02-26","passed","2026-02-26","Provider @regression","single-user-tests/provider/provider-edit-license-to-practice.spec.js","",""
"","3121","Verify password visibility toggle on ""Create New Password"" Page @[114526] @unauthenticated @functional","single-unauthenticated","2026-02-26","passed","2026-02-26","Unauthenticated @regression","single-user-tests/unauthenticated/create-new-password.spec.js","",""
"","7449","Highlight invalid values on Save Changes @[111261] @patient @functional","single-patient","2026-02-26","passed","2026-02-26","Patient @regression","single-user-tests/patient/patient-edit-profile.spec.js","",""
"","6833","Verify Upload Photo Functionality @[111246] @patient @functional","single-patient","2026-02-26","passed","2026-02-26","Patient @regression","single-user-tests/patient/patient-my-account.spec.js","",""
"","5037","Verify Edit Button Functionality for Profile Details @[111248] @patient @functional","single-patient","2026-02-26","passed","2026-02-26","Patient @regression","single-user-tests/patient/patient-my-account.spec.js","",""
"","10795","Verify Calendar selection tool date restrictions @[111264] @patient @functional","single-patient","2026-02-26","passed","2026-02-26","Patient @regression","single-user-tests/patient/patient-edit-profile.spec.js","",""
"","3448","[Negative] Verify change password requirements - (missing uppercase letter) @[114529] @unauthenticated @functional","single-unauthenticated","2026-02-26","passed","2026-02-26","Unauthenticated @regression","single-user-tests/unauthenticated/create-new-password.spec.js","",""
"","5739","Verify No, Cancel Button Functionality on Delete Account Screen @[111228] @patient @functional","single-patient","2026-02-26","passed","2026-02-26","Patient @regression","single-user-tests/patient/patient-edit-profile.spec.js","",""
"","0","Verify adding a New License in Edit License to practice slide out @[111396] @provider @functional","single-provider","2026-02-26","skipped","2026-02-26","Provider @regression","single-user-tests/provider/provider-edit-profile.spec.js","",""
"","8287","Verify Save Changes with empty required fields @[111259] @patient @functional","single-patient","2026-02-26","passed","2026-02-26","Patient @regression","single-user-tests/patient/patient-edit-profile.spec.js","",""
"","6556","Verify languages spoken field in Edit profile details @[111393] @provider @functional","single-provider","2026-02-26","passed","2026-02-26","Provider @regression","single-user-tests/provider/provider-my-account.spec.js","",""
"","1","Verify deleting a License in Edit License to practice slide out @[111397] @provider @functional","single-provider","2026-02-26","skipped","2026-02-26","Provider @regression","single-user-tests/provider/provider-edit-profile.spec.js","",""
"","3261","Verify Back to Password Page Link on Forgot Password Page @[111172] @unauthenticated @functional","single-unauthenticated","2026-02-26","passed","2026-02-26","Unauthenticated @regression","single-user-tests/unauthenticated/forgot-password.spec.js","",""
"","0","Spanish - Verify Clicking the ""Aceptar"" Button on the ""Acuerdo de Licencia de Usuario Final"" Page @[112520] @provider @functional","single-provider","2026-02-26","skipped","2026-02-26","Provider - Spanish @regression","single-user-tests/provider/create-account-onboard-provider.spec.js","",""
"","5035","Verify Password masking and visibility toggle on Password Page @[111165] @unauthenticated @functional","single-unauthenticated","2026-02-26","passed","2026-02-26","Unauthenticated @regression","single-user-tests/unauthenticated/password.spec.js","",""
"","9683","Verify Delete Account Button Functionality on Account Settings Page @[111227] @provider @functional","single-provider","2026-02-26","passed","2026-02-26","Provider @regression","single-user-tests/provider/provider-my-account.spec.js","",""
"","0","Verify the Verification Link in Users Email @[111175] @unauthenticated @functional","single-unauthenticated","2026-02-26","skipped","2026-02-26","Unauthenticated @regression","single-user-tests/unauthenticated/forgot-password.spec.js","",""
"","7318","Verify Adding and Discarding Licenses on the Before we get started page @[112516] @provider @functional","single-provider","2026-02-26","passed","2026-02-26","Provider - English @regression","single-user-tests/provider/create-account-onboard-provider.spec.js","",""
"","2546","[Negative] Verify password mismatch on Password Page @[111170] @unauthenticated @functional","single-unauthenticated","2026-02-26","passed","2026-02-26","Unauthenticated @regression","single-user-tests/unauthenticated/password.spec.js","",""
"","6982","Verify validation for manual DOB input for future date in Edit Profile details @[111729] @patient @functional","single-patient","2026-02-26","passed","2026-02-26","Patient @regression","single-user-tests/patient/patient-edit-profile.spec.js","",""
"","7662","[Negative] Verify the validation of the First name field on Before we get started page @[112507] @provider @functional","single-provider","2026-02-26","passed","2026-02-26","Provider - English @regression","single-user-tests/provider/create-account-onboard-provider.spec.js","",""
"","5202","Verify Language Setting Persists Across Reload @[115023] @device @functional","single-unauthenticated","2026-02-26","passed","2026-02-26","Device_ID @regression","single-user-tests/unauthenticated/device-id-access.spec.js","",""
"","10433","Verify Default Avatar Displays First Letter of Device ID Name When No Photo Is Uploaded @[115335] @device @functional","single-device","2026-02-26","passed","2026-02-26","Device_ID @regression","single-user-tests/device/device-id-my-account-and-edit.spec.js","",""
"","9545","setup super admin authentication","auth-super-admin","2026-02-26","passed","2026-02-26","Super Admin Authentication Setup @super-admin","setup/auth-super-admin.js","",""
"","1","Verify ""Register as Patient"" onboarding flow Account Creation from Login Page @[122336] @unauthenticated @functional @email","single-unauthenticated","2026-02-26","skipped","2026-02-26","Unauthenticated @regression","single-user-tests/unauthenticated/login.spec.js","",""
"","5320","[Negative] Verify Large Image Upload for Avatar @[112291] @provider @functional","single-provider","2026-02-26","passed","2026-02-26","Provider @regression","single-user-tests/provider/provider-my-account.spec.js","",""
"","4755","Verify the submission button on Forgot Password Page @[111173] @unauthenticated @functional","single-unauthenticated","2026-02-26","passed","2026-02-26","Unauthenticated @regression","single-user-tests/unauthenticated/forgot-password.spec.js","",""
"","7710","Verify Delete Account Link Functionality @[111251] @patient @functional","single-patient","2026-02-26","passed","2026-02-26","Patient @regression","single-user-tests/patient/patient-my-account.spec.js","",""
"","7767","Verify the validation of the First name field on the Before we get started page @[112511] @provider @functional","single-provider","2026-02-26","passed","2026-02-26","Provider - English @regression","single-user-tests/provider/create-account-onboard-provider.spec.js","",""
"","8119","setup provider+coordinator authentication","auth-provider-coordinator","2026-02-26","passed","2026-02-26","Provider+Coordinator Authentication Setup @provider-coordinator","setup/auth-provider-coordinator.js","",""
"","0","Verify Add License Functionality on Edit License to Practice modal @[111213] @provider @functional","single-provider","2026-02-26","skipped","2026-02-26","Provider @regression","single-user-tests/provider/provider-edit-license-to-practice.spec.js","",""
"","7115","Verify Profile Details slide out in Edit Profile details @[111390] @provider @ui","single-provider","2026-02-26","passed","2026-02-26","Provider @regression","single-user-tests/provider/provider-my-account.spec.js","",""
"","0","Verify the ""Decline"" button functionality on the EULA page @[112501] @provider @functional","single-provider","2026-02-26","skipped","2026-02-26","Provider - English @regression","single-user-tests/provider/create-account-onboard-provider.spec.js","",""
"","0","Verify ""Yes, Delete"" Button Functionality on Delete Account Screen @[111229]","single-provider","2026-02-26","skipped","2026-02-26","Provider @regression","single-user-tests/provider/provider-my-account.spec.js","",""
"","1753","Verify Email Empty Field Error @[117362] @unauthenticated @functional","single-unauthenticated","2026-02-26","passed","2026-02-26","Unauthenticated @regression","single-user-tests/unauthenticated/login.spec.js","",""
"","12902","Verify state persistence after page reload @[111280] @provider @functional","single-provider","2026-02-26","passed","2026-02-26","Provider @regression","single-user-tests/provider/manage-notifications.spec.js","",""
"","5677","Verify Sex assigned at birth dropdown @[111254] @patient @functional","single-patient","2026-02-26","passed","2026-02-26","Patient @regression","single-user-tests/patient/patient-edit-profile.spec.js","",""
"","2208","Verify Validation Message Dismissal @[117367] @unauthenticated @functional","single-unauthenticated","2026-02-26","passed","2026-02-26","Unauthenticated @regression","single-user-tests/unauthenticated/login.spec.js","",""
"","6168","Verify Content of Change time zone modal @[115563] @provider @ui","single-provider","2026-02-26","passed","2026-02-26","Provider @regression","single-user-tests/provider/change-time-zone.spec.js","",""
"","2355","Verify Login Screen Right Half Image @[117347] @unauthenticated @ui","single-unauthenticated","2026-02-26","passed","2026-02-26","Unauthenticated @regression","single-user-tests/unauthenticated/login.spec.js","",""
"","0","Verify ""Yes, Delete"" Button Functionality on Delete Account Screen @[111229]","single-patient","2026-02-26","skipped","2026-02-26","Patient @regression","single-user-tests/patient/patient-edit-profile.spec.js","",""
"","2216","Verify Invalid Email Format Display @[117363] @unauthenticated @functional","single-unauthenticated","2026-02-26","passed","2026-02-26","Unauthenticated @regression","single-user-tests/unauthenticated/login.spec.js","",""
"","1","Spanish - Verify the ""Rechazar"" button functionality on the ""Acuerdo de licencia de usuario final"" page @[112521] @provider @functional","single-provider","2026-02-26","skipped","2026-02-26","Provider - Spanish @regression","single-user-tests/provider/create-account-onboard-provider.spec.js","",""
"","15381","Verify Device ID User Can Delete Profile Photo from My Account Screen @[115541] @device @functional","single-device","2026-02-26","passed","2026-02-26","Device_ID @regression","single-user-tests/device/device-id-my-account-and-edit.spec.js","",""
"","1","Spanish_Verify the positive scenario of filling all the fields in and redirecting to the ""Dashboard"" page @[112522] @provider @functional","single-provider","2026-02-26","skipped","2026-02-26","Provider - Spanish @regression","single-user-tests/provider/create-account-onboard-provider.spec.js","",""
"","12868","Verify state dropwdown behavior in Edit license to practice modal @[111398] @provider @functional","single-provider","2026-02-26","passed","2026-02-26","Provider @regression","single-user-tests/provider/provider-edit-profile.spec.js","",""
"","11508","Verify Time Zone and Application Language Are Displayed and Editable @[115338] @device @functional","single-device","2026-02-26","passed","2026-02-26","Device_ID @regression","single-user-tests/device/device-id-my-account-and-edit.spec.js","",""
"","7155","Verify Delete Photo Functionality @[111247] @patient @functional","single-patient","2026-02-26","passed","2026-02-26","Patient @regression","single-user-tests/patient/patient-my-account.spec.js","",""
"","8625","Verify Delete Photo Functionality on Account Settings Page @[111222] @patient @functional","single-patient","2026-02-26","passed","2026-02-26","Patient @regression","single-user-tests/patient/patient-edit-profile.spec.js","",""
"","8574","Verify required fields for Profile Details in Edit Profile details @[111391] @provider @functional","single-provider","2026-02-26","passed","2026-02-26","Provider @regression","single-user-tests/provider/provider-my-account.spec.js","",""
"","5789","Verify Languages spoken dropdown functionality in Edit profile details slide out @[114231] @provider @functional","single-provider","2026-02-26","passed","2026-02-26","Provider @regression","single-user-tests/provider/provider-edit-profile.spec.js","",""
"","2352","Verify Login Screen Label @[117350] @unauthenticated @ui","single-unauthenticated","2026-02-26","passed","2026-02-26","Unauthenticated @regression","single-user-tests/unauthenticated/login.spec.js","",""
"","5994","Verify Language Change Updates UI @[115019] @device @functional","single-unauthenticated","2026-02-26","passed","2026-02-26","Device_ID @regression","single-user-tests/unauthenticated/device-id-access.spec.js","",""
"","2906","[Negative] Verify change password requirements - (missing number) @[114531] @unauthenticated @functional","single-unauthenticated","2026-02-26","passed","2026-02-26","Unauthenticated @regression","single-user-tests/unauthenticated/create-new-password.spec.js","",""
"","8792","[Negative] Verify the validation of Languages spoken drop down list on the Before we get started page @[112509] @provider @functional","single-provider","2026-02-26","passed","2026-02-26","Provider - English @regression","single-user-tests/provider/create-account-onboard-provider.spec.js","",""
"","6930","Verify entering text in phone number field functionality in Edit profile details slide out @[114115] @provider @functional","single-provider","2026-02-26","passed","2026-02-26","Provider @regression","single-user-tests/provider/provider-edit-profile.spec.js","",""
"","2960","Verify Content on Password Page @[111164] @unauthenticated @ui","single-unauthenticated","2026-02-26","passed","2026-02-26","Unauthenticated @regression","single-user-tests/unauthenticated/password.spec.js","",""
"","2898","Verify Portuguese Language Selection @[118454] @unauthenticated @functional","single-unauthenticated","2026-02-26","passed","2026-02-26","Unauthenticated @regression","single-user-tests/unauthenticated/login.spec.js","",""
"","3645","Validate Password complexity on Password Page @[111167] @unauthenticated @functional","single-unauthenticated","2026-02-26","passed","2026-02-26","Unauthenticated @regression","single-user-tests/unauthenticated/password.spec.js","",""
"","8812","Verify field validation for Phone number in Edit profile details slide out @[111732] @provider @functional","single-provider","2026-02-26","passed","2026-02-26","Provider @regression","single-user-tests/provider/provider-edit-profile.spec.js","",""
"","7847","Verify the validation of the Last name field on the Before we get started page @[112513] @provider @functional","single-provider","2026-02-26","passed","2026-02-26","Provider - English @regression","single-user-tests/provider/create-account-onboard-provider.spec.js","",""
"","8251","Verify the validation of languages spoken dropdown on Before we get started @[112512] @provider @functional","single-provider","2026-02-26","passed","2026-02-26","Provider - English @regression","single-user-tests/provider/create-account-onboard-provider.spec.js","",""
"","0","Verify field validation for Phone number @[111265]","single-patient","2026-02-26","skipped","2026-02-26","Patient @regression","single-user-tests/patient/patient-edit-profile.spec.js","",""
"","2","Verify Creation of a New Password that matches old password @[111518] @unauthenticated @functional @email","single-unauthenticated","2026-02-26","skipped","2026-02-26","Unauthenticated @regression","single-user-tests/unauthenticated/forgot-password.spec.js","",""
"","6252","Verify Content on Before we get started Page @[111192] @patient @ui","single-patient","2026-02-26","passed","2026-02-26","Patient @regression","single-user-tests/patient/create-account-onboard-patient.spec.js","",""
"","11895","Verify successful save with valid values for all fields @[111262] @patient @functional","single-patient","2026-02-26","passed","2026-02-26","Patient @regression","single-user-tests/patient/patient-edit-profile.spec.js","",""
"","7008","Verify No Cancel Button Functionality on Delete Account Screen @[111228] @provider @functional","single-provider","2026-02-26","passed","2026-02-26","Provider @regression","single-user-tests/provider/provider-my-account.spec.js","",""
"","4570","Verify Login Access via Device ID Link from Admin Panel @[115405] @device @functional","single-unauthenticated","2026-02-26","passed","2026-02-26","Device_ID @regression","single-user-tests/unauthenticated/device-id-access.spec.js","",""
"","7812","Verify Address field accepts special characters @[111268] @patient @functional","single-patient","2026-02-26","passed","2026-02-26","Patient @regression","single-user-tests/patient/patient-edit-profile.spec.js","",""
"","10042","Verify Save Changes Button Functionality on Change Time Zone Modal @[111244] @provider @functional","single-provider","2026-02-26","passed","2026-02-26","Provider @regression","single-user-tests/provider/change-time-zone.spec.js","",""
"","8221","Verify Country dropdown and State field behavior @[111256] @patient @functional","single-patient","2026-02-26","passed","2026-02-26","Patient @regression","single-user-tests/patient/patient-edit-profile.spec.js","",""
"","6570","Verify entering invalid text into ""Tax ID"" field functionality @[118047] @patient @functional","single-patient","2026-02-26","passed","2026-02-26","Patient @regression","single-user-tests/patient/patient-edit-profile-pt2.spec.js","",""
"","7059","Verify Content on Account Settings Page @[111219] @provider @ui","single-provider","2026-02-26","passed","2026-02-26","Provider @regression","single-user-tests/provider/provider-edit-license-to-practice.spec.js","",""
"","7341","Verify Name and Device ID Fields Are Pre-Filled from Admin Entry @[115320] @device @ui","single-device","2026-02-26","passed","2026-02-26","Device_ID @regression","single-user-tests/device/create-account-onboard-device-id.spec.js","",""
"","14169","setup coordinator authentication","auth-coordinator-two","2026-02-26","passed","2026-02-26","Coordinator Authentication Setup @coordinator2","setup/auth-coordinator-two.js","",""
"","6824","[Negative] Verify Invalid File Upload for Avatar @[112290] @provider @functional","single-provider","2026-02-26","passed","2026-02-26","Provider @regression","single-user-tests/provider/provider-my-account.spec.js","",""
"","0","Verify Save Changes with All Times Populated on Edit Daily Availability Modal @[111238] @provider @functional","single-provider","2026-02-26","skipped","2026-02-26","Provider @regression","single-user-tests/provider/manage-calendar.spec.js","",""
"","12629","Verify Cancel button functionality on Session Reminders screen @[111276] @provider @functional","single-provider","2026-02-26","passed","2026-02-26","Provider @regression","single-user-tests/provider/manage-notifications.spec.js","",""
"","7757","Verify navigation to ""Notifications"" screen @[111272] @provider @ui","single-provider","2026-02-26","passed","2026-02-26","Provider @regression","single-user-tests/provider/manage-notifications.spec.js","",""
"","8944","Verify Country dropdown functionality in Edit License to Practice modal @[111210] @provider @functional","single-provider","2026-02-26","passed","2026-02-26","Provider @regression","single-user-tests/provider/provider-edit-license-to-practice.spec.js","",""
"","9049","Verify Successful Form Submission and Redirection to Dashboard @[112502] @provider @functional","single-provider","2026-02-26","passed","2026-02-26","Provider - English @regression","single-user-tests/provider/create-account-onboard-provider.spec.js","",""
"","0","Verify Automatic Time Zone toggle functionality - toggle ON @[111240] @provider @functional","single-provider","2026-02-26","skipped","2026-02-26","Provider @regression","single-user-tests/provider/change-time-zone.spec.js","",""
"","5756","Verify navigation to the Edit Profile details slide out @[111217] @patient @ui","single-patient","2026-02-26","passed","2026-02-26","Patient @regression","single-user-tests/patient/patient-edit-profile.spec.js","",""
"","8583","setup provider+admin authentication","auth-provider-admin","2026-02-26","passed","2026-02-26","Provider+Admin Authentication Setup @provider-admin","setup/auth-provider-admin.js","",""
"","11053","Verify Delete License Functionality on Edit License to Practice modal @[111212] @provider @functional","single-provider","2026-02-26","passed","2026-02-26","Provider @regression","single-user-tests/provider/provider-edit-license-to-practice.spec.js","",""
"","2308","Verify Password Entry for Registered Email @[117374] @unauthenticated @functional","single-unauthenticated","2026-02-26","passed","2026-02-26","Unauthenticated @regression","single-user-tests/unauthenticated/login.spec.js","",""
"","5557","Verify ""Country"" dropdown functionality, and ""State"" dropdown functionality in Edit profile details slide out @[114237] @provider @functional","single-provider","2026-02-26","passed","2026-02-26","Provider @regression","single-user-tests/provider/provider-edit-profile.spec.js","",""
"","10344","setup provider authentication","auth-provider","2026-02-26","passed","2026-02-26","Provider Authentication Setup @provider","setup/auth-provider.js","",""
"","6628","Verify entering invalid text into ""Insurance policy number"" field functionality @[118049] @patient @functional","single-patient","2026-02-26","passed","2026-02-26","Patient @regression","single-user-tests/patient/patient-edit-profile-pt2.spec.js","",""
"","6853","[Negative] Verify Error Message When Name Field Is Left Empty on Onboarding Screen @[115402] @device @functional","single-device","2026-02-26","passed","2026-02-26","Device_ID @regression","single-user-tests/device/create-account-onboard-device-id.spec.js","",""
"","5067","[Negative] Verify change password requirements - (password too short) @[114528] @unauthenticated @functional","single-unauthenticated","2026-02-26","passed","2026-02-26","Unauthenticated @regression","single-user-tests/unauthenticated/create-new-password.spec.js","",""
"","2166","Verify Language Dropdown Display @[117355] @unauthenticated @ui","single-unauthenticated","2026-02-26","passed","2026-02-26","Unauthenticated @regression","single-user-tests/unauthenticated/login.spec.js","",""
"","9210","Verify validation for Insurance valid input in Edit Profile Details @[118046] @patient @functional","single-patient","2026-02-26","passed","2026-02-26","Patient @regression","single-user-tests/patient/patient-edit-profile-pt2.spec.js","",""
"","0","[Negative] [Spanish] Verify the validation of the ""Apellido"" field on the ""Antes de empezar"" page @[112518] @provider @functional","single-provider","2026-02-26","skipped","2026-02-26","Provider - Spanish @regression","single-user-tests/provider/create-account-onboard-provider.spec.js","",""
"","9334","Verify Delete Start/End Time Pair Functionality on Edit Daily Availability Modal @[111234] @provider @functional","single-provider","2026-02-26","passed","2026-02-26","Provider @regression","single-user-tests/provider/manage-calendar.spec.js","",""
"","6848","Verify navigation to set Session Reminders screen @[111274] @provider @ui","single-provider","2026-02-26","passed","2026-02-26","Provider @regression","single-user-tests/provider/manage-notifications.spec.js","",""
"","5864","[Negative] Verify Invalid File Upload for Avatar @[112290] @patient @functional","single-patient","2026-02-26","passed","2026-02-26","Patient @regression","single-user-tests/patient/patient-edit-profile.spec.js","",""
"","2739","[Negative] Verify Case Sensitivity in Passwords on Password Page @[111194] @unauthenticated @functional","single-unauthenticated","2026-02-26","passed","2026-02-26","Unauthenticated @regression","single-user-tests/unauthenticated/password.spec.js","",""
"","10402","Verify validation for Tax ID valid input in Edit Profile Details @[118043] @patient @functional","single-patient","2026-02-26","passed","2026-02-26","Patient @regression","single-user-tests/patient/patient-edit-profile-pt2.spec.js","",""
"","8953","setup coordinator authentication","auth-coordinator","2026-02-26","passed","2026-02-26","Coordinator Authentication Setup @coordinator","setup/auth-coordinator.js","",""
"","5367","Verify ""Cancel"" button functionality in Edit profile details slide out @[114233] @provider @functional","single-provider","2026-02-26","passed","2026-02-26","Provider @regression","single-user-tests/provider/provider-edit-profile.spec.js","",""
"","13178","Verify default behavior of Save Changes and Cancel buttons @[111263] @patient @ui","single-patient","2026-02-26","passed","2026-02-26","Patient @regression","single-user-tests/patient/patient-edit-profile.spec.js","",""
"","2012","Verify Email Textbox Default Content @[117353] @unauthenticated @ui","single-unauthenticated","2026-02-26","passed","2026-02-26","Unauthenticated @regression","single-user-tests/unauthenticated/login.spec.js","",""
"","9617","Verify Notifications Section Displays for Device ID Users @[115340] @device @ui","single-device","2026-02-26","passed","2026-02-26","Device_ID @regression","single-user-tests/device/device-id-my-account-and-edit.spec.js","",""
"","1","Verify Decline Button User License Agreement Modal @[111186] @patient @functional","single-patient","2026-02-26","skipped","2026-02-26","Patient @regression","single-user-tests/patient/create-account-onboard-patient.spec.js","",""
"","7846","setup device authentication","auth-device","2026-02-26","passed","2026-02-26","Device Authentication Setup @device","setup/auth-device.js","",""
"","0","Spanish - Verify the presence of web elements and texts on the Acuerdo de licencia de usuario final page @[112497] @provider @functional","single-provider","2026-02-26","skipped","2026-02-26","Provider - Spanish @regression","single-user-tests/provider/create-account-onboard-provider.spec.js","",""
"","0","[Spanish] Verify the elements and appearence of the ""Antes de empezar"" form @[112496] @provider @functional","single-provider","2026-02-26","skipped","2026-02-26","Provider - Spanish @regression","single-user-tests/provider/create-account-onboard-provider.spec.js","",""
"","5996","Verify Medical specialty field in Edit Profile details @[111392] @provider @functional","single-provider","2026-02-26","passed","2026-02-26","Provider @regression","single-user-tests/provider/provider-my-account.spec.js","",""
"","3520","[Negative] Verify Error When Submitting Blank Device ID @[115020] @device @functional","single-unauthenticated","2026-02-26","passed","2026-02-26","Device_ID @regression","single-user-tests/unauthenticated/device-id-access.spec.js","",""
"","7666","[Negative] Verify Error When Device ID Already Exists @[115542] @device @functional","single-device","2026-02-26","passed","2026-02-26","Device_ID @regression","single-user-tests/device/device-id-my-account-and-edit.spec.js","",""
"","5822","Verify the Resend Link on Forgot Password Page @[111174] @unauthenticated @functional @email","single-unauthenticated","2026-02-26","passed","2026-02-26","Unauthenticated @regression","single-user-tests/unauthenticated/forgot-password.spec.js","",""
"","11013","Verify entering text into the First Name field in Edit profile details @[114113] @provider @functional","single-provider","2026-02-26","passed","2026-02-26","Provider @regression","single-user-tests/provider/provider-edit-profile.spec.js","",""
"","7016","Verify invalid reminder value handling @[111279] @provider @functional","single-provider","2026-02-26","passed","2026-02-26","Provider @regression","single-user-tests/provider/manage-notifications.spec.js","",""
"","10154","Verify Edit Button Functionality for Profile Selection on Account Settings Page @[111224] @provider @functional","single-provider","2026-02-26","passed","2026-02-26","Provider @regression","single-user-tests/provider/provider-my-account.spec.js","",""
"","12296","Verify Save Changes button for partial updates on Edit Profile @[111270] @patient @functional","single-patient","2026-02-26","passed","2026-02-26","Patient @regression","single-user-tests/patient/patient-edit-profile.spec.js","",""
"","3288","[Negative] Verify Error Message When Device ID is Not Found for Insititution @[115406] @device @functional","single-unauthenticated","2026-02-26","passed","2026-02-26","Device_ID @regression","single-user-tests/unauthenticated/device-id-access.spec.js","",""
"","8839","setup provider authentication","auth-provider-two","2026-02-26","passed","2026-02-26","Provider Authentication Setup @provider2","setup/auth-provider-two.js","",""
"","0","Verify validation for manual DOB valid input in Edit Profile details @[111727]","single-patient","2026-02-26","skipped","2026-02-26","Patient @regression","single-user-tests/patient/patient-edit-profile.spec.js","",""
"","11710","Verify Edit Licenses Cancel button behavior in Edit License @[111400] @provider @functional","single-provider","2026-02-26","passed","2026-02-26","Provider @regression","single-user-tests/provider/provider-edit-profile.spec.js","",""
"","5996","Verify Time Zone Dropdown Functionality on Change Time Zone Modal @[111242] @provider @functional","single-provider","2026-02-26","passed","2026-02-26","Provider @regression","single-user-tests/provider/change-time-zone.spec.js","",""
"","6208","setup patient authentication","auth-patient","2026-02-26","passed","2026-02-26","Patient Authentication Setup @patient","setup/auth-patient.js","",""
"","6679","Verify EULA Acceptance is Captured in Selected Language @[115318] @device @functional","single-device","2026-02-26","passed","2026-02-26","Device_ID @regression","single-user-tests/device/create-account-onboard-device-id.spec.js","",""
"","11205","Verify alphabetical order for Country and State dropdowns in Edit License to practice slide out @[111401] @provider @ui","single-provider","2026-02-26","passed","2026-02-26","Provider @regression","single-user-tests/provider/provider-edit-profile.spec.js","",""
"","2698","[Negative] Validate Password Complexity on Password Page @[111168] @unauthenticated @functional","single-unauthenticated","2026-02-26","passed","2026-02-26","Unauthenticated @regression","single-user-tests/unauthenticated/password.spec.js","",""
"","2530","Verify Email Label Display @[117352] @unauthenticated @ui","single-unauthenticated","2026-02-26","passed","2026-02-26","Unauthenticated @regression","single-user-tests/unauthenticated/login.spec.js","",""
"","4682","Verify Change Time Zone Link Functionality @[111250] @patient @functional","single-patient","2026-02-26","passed","2026-02-26","Patient @regression","single-user-tests/patient/patient-my-account.spec.js","",""
"","2788","[Negative] Verify change password requirements - (missing lowercase letter) @[114530] @unauthenticated @functional","single-unauthenticated","2026-02-26","passed","2026-02-26","Unauthenticated @regression","single-user-tests/unauthenticated/create-new-password.spec.js","",""
"","7523","Verify reset of State dropdown after country change @[111271] @patient @functional","single-patient","2026-02-26","passed","2026-02-26","Patient @regression","single-user-tests/patient/patient-edit-profile.spec.js","",""
"","10873","Validate Save Changes for all required fields @[111260] @patient @functional","single-patient","2026-02-26","passed","2026-02-26","Patient @regression","single-user-tests/patient/patient-edit-profile.spec.js","",""
"","4723","Verify Delete Account Button Functionality on Account Settings Page @[111227] @patient @functional","single-patient","2026-02-26","passed","2026-02-26","Patient @regression","single-user-tests/patient/patient-edit-profile.spec.js","",""
"","2220","Verify Invalid Email Format Message Persistence @[117365] @unauthenticated @functional","single-unauthenticated","2026-02-26","passed","2026-02-26","Unauthenticated @regression","single-user-tests/unauthenticated/login.spec.js","",""
"","7986","English - Verify the presence of web elements and texts on the EULA page @[112495] @provider @ui","single-provider","2026-02-26","passed","2026-02-26","Provider - English @regression","single-user-tests/provider/create-account-onboard-provider.spec.js","",""
"","7640","setup device authentication","auth-device-two","2026-02-26","passed","2026-02-26","Device Authentication Setup @device2","setup/auth-device-two.js","",""
"","10512","setup admin authentication","auth-admin-two","2026-02-26","passed","2026-02-26","Admin Authentication Setup @admin2","setup/auth-admin-two.js","",""
"","0","Verify Save Changes behavior for licenses in Edit License slide out @[111399] @provider @functional","single-provider","2026-02-26","skipped","2026-02-26","Provider @regression","single-user-tests/provider/provider-edit-profile.spec.js","",""
"","0","Verify SMS toggle behavior for missing phone number @[111283]","single-provider","2026-02-26","skipped","2026-02-26","Provider @regression","single-user-tests/provider/manage-notifications.spec.js","",""
